;simufile;cost_function;tau;slope_wordreps;slope_Typefrequenz_absolut;slope_Nachbarn_mittel_absolut;slope_Typelaenge_Zeichen;slope_baysur;regr_intercept;baysur_pval;resid_var
0;1;12053.074456351298;5;0.04677010331785393;-0.011893613026265626;-0.06461986933481334;-0.4253110977312563;-50.003065767750456;0.4229072745223154;0.0;4.166289131127309
1;1;12661.59809647547;10;-0.018483796711849014;0.041358475825064966;0.044721277078342836;-0.2272709016080434;-62.172919371963296;0.40039913524038867;0.0;4.37663259470289
2;1;13278.472364898938;15;0.015365772614504239;0.13351289587579218;-0.09499657691991853;-0.34579126364739143;-66.5591166166611;0.5434187874308614;0.0;4.589862552678493
3;1;14504.849998329666;20;-0.042615102012861686;0.379926296318551;-0.3793049456190628;-0.49996796378319647;-68.68978174165133;0.7354146508410543;0.0;5.013774627836049
4;1;21401.380309059612;50;-0.30390536913268545;0.8666838996517346;-1.105292846708516;-0.9839374548685073;-65.75015391710623;1.3259843668575952;1.220708578682e-311;7.397642692381469
5;1;28048.643083581694;100;-0.5797055633407591;0.8494821733487661;-1.1633603199076852;-0.9540165951615891;-57.930351294986195;1.1595511406255588;6.298360844805172e-142;9.695348456129183
6;2;14964.022728248821;5;0.11266635388069551;-0.10901243536624561;-0.10594933054151612;-0.5136095092672689;-49.99492669245235;0.46265964932059217;0.0;5.172493165658083
7;2;15614.437300620331;10;0.04745496277532256;-0.05594778837806841;0.0029198726995142144;-0.3160060808482886;-62.10432514158604;0.439149731102878;0.0;5.397316730252459
8;2;16227.29622298106;15;0.08126718315084988;0.0361221854049614;-0.136622889151718;-0.4343766633958302;-66.4897455414933;0.5820855691318324;0.0;5.609158735907737
9;2;17498.82733569855;20;0.023414227186640983;0.2816640090500952;-0.42070336791539814;-0.5885757366066904;-68.53831242501816;0.7722485858511098;0.0;6.048678650431591
10;2;24201.397458761792;50;-0.2392117152486631;0.7734276471311348;-1.1490846587078265;-1.073433097159542;-65.99882276287332;1.3734581401550647;1.962841456842966e-284;8.36550205971718
11;2;30931.378166966926;100;-0.5146842893904641;0.7538617808939005;-1.2057014298264261;-1.0427158837299255;-58.016019360904195;1.202184739378624;1.8033732199063476e-130;10.691800265111267
12;3;479667.03101575625;5;0.4538798357924035;0.17519803890301933;-1.1227188135417947;-4.625079063935573;-51.90450634330572;2.6928049362783044;1.7569034764867414e-33;165.80263775173043
13;3;479646.5040173594;10;0.3856547382540648;0.2332212542485611;-1.0022437025469273;-4.4132940955289115;-65.43535648738346;2.6848854424836146;1.6509810229208618e-33;165.795542349588
14;3;481518.82121344755;15;0.4212819575354754;0.3227966606759452;-1.158308117422053;-4.546219752480391;-68.30312527103321;2.8035675904304105;4.752521920155923e-31;166.44273114878928
15;3;484280.321119417;20;0.36384051116177885;0.5569142105445102;-1.4521534345718687;-4.710020430938142;-68.05302776499258;2.950788997739466;1.9469986088659887e-27;167.39727657083205
16;3;491401.4586110545;50;0.10915441556167838;1.0258614211443247;-2.16267428463946;-5.185226955566527;-64.27956183226748;3.509761783873226;3.4137952640809483e-18;169.85878278985652
17;3;497230.37850617076;100;-0.1828366371731912;1.0465480532882423;-2.2466898895744354;-5.167119840792201;-58.81116304599523;3.415738124630342;1.1218882222638139e-10;171.87361856417976
18;4;1133805.5975818592;5;0.0048980582481129575;0.814924068770462;0.44557231968475497;-0.368704740787533;-50.27599983643434;0.29041089162637446;1.9395030859503005e-14;391.91344541370853
19;4;1136822.1712365125;10;-0.05885301537221055;0.8580444923966988;0.5290340778419322;-0.19316738817271117;-59.10329316920064;0.2091636425270137;9.60618918674746e-13;392.95616012323273
20;4;1137304.6371349187;15;-0.026674779786722946;0.9461598824616919;0.3968355463939468;-0.30527211192952786;-63.39340699847632;0.34731592936677835;1.7930842954995548e-12;393.1229302229233
21;4;1138724.406035578;20;-0.08144041656639311;1.1766856196338287;0.1255856460110929;-0.4533568619304631;-64.88121067686818;0.5191110192983739;1.1253679919489527e-11;393.61369029919734
22;4;1143272.6461519506;50;-0.34750054288193366;1.6976898763961001;-0.6003820129806954;-0.9301849763862293;-66.06971779028584;1.197224364351753;4.06803278967897e-09;395.185843813325
23;4;1149456.3008382446;100;-0.6465821594466303;1.7172061297872543;-0.6854685633620954;-0.911054601736569;-60.34766987699311;1.0973835280413415;1.293105217952701e-05;397.3232979046817
24;5;19.284919130162077;5;0.001870804132713334;-0.00047574452105050673;-0.002584794773392546;-0.017012443909250274;-2.000122630710016;0.23601229098089305;0.0;0.006666062609803696
25;5;20.25855695436076;10;-0.0007393518684732797;0.0016543390330021803;0.0017888510831332166;-0.009090836064321473;-2.486916774878533;0.23511196540961518;0.0;0.0070026121515246245
26;5;21.245555783838284;15;0.0006146309045809127;0.005340515835031475;-0.003799863076796986;-0.013831650545895547;-2.6623646646664434;0.24083275149723432;0.0;0.007343780084285603
27;5;23.207759997327468;20;-0.0017046040805144362;0.01519705185274198;-0.015172197824762645;-0.01999871855132787;-2.7475912696660565;0.24851258603364257;0.0;0.008022039404537657
28;5;34.242208494495344;50;-0.01215621476530768;0.0346673559860694;-0.04421171386834069;-0.03935749819474029;-2.6300061566842454;0.2721353746743038;1.220708578683e-311;0.011836228307810321
29;5;44.87782893373072;100;-0.023188222533630364;0.033979286933951004;-0.046534412796306934;-0.038160663806463734;-2.317214051799447;0.2654780456250225;6.298360844807682e-142;0.015512557529806702
30;6;3047.6472317272364;5;0.043346247465970156;0.0826031170098257;0.07893660444690476;0.21747901121750324;-1.7382597984169308;0.04249640951557192;3.0719489275338445e-07;1.053455662539658
31;6;3049.4940527169915;10;0.041102282885199765;0.08431718480698078;0.08238926141993638;0.2240531773603757;-2.1164654397528335;0.04094267970993238;7.60539217525573e-07;1.0540940382706518
32;6;3051.1850346021306;15;0.042254612745903294;0.08726658489097366;0.07740484980707618;0.21981134510807265;-2.221517647614771;0.04500529316381771;1.74681044224337e-06;1.0546785463540045
33;6;3053.839894775948;20;0.04037472677398428;0.09498712540749599;0.06785950959971276;0.21451539544498952;-2.22715765266859;0.05007513341809838;6.467295899818203e-06;1.0555962304790703
34;6;3063.5852157233167;50;0.032845891174481306;0.10777059588712339;0.04629081902755291;0.19978786199238016;-1.937660189729293;0.063332553226211;0.0008412121437842558;1.058964817049192
35;6;3070.233334822245;100;0.02602878393707733;0.10506515880252888;0.04617680904546043;0.201322934832113;-1.5796213307591485;0.05440125064945789;0.026997448015961007;1.0612628188117006
36;7;439437.90347432415;5;0.9241888027893497;3.5595916228723805;-2.723716568053399;-0.21800252739621245;-5.457789995484797;0.22546477381382257;0.17981124870390747;151.89695937584585
37;7;439321.39075216925;10;0.9162894496977564;3.5697599266919364;-2.7007166738457857;-0.18653005174956905;-8.210862980562302;0.24750597075173308;0.10927932828832675;151.85668536196636
38;7;439369.38860881055;15;0.9207601554620048;3.5800555758505275;-2.7214478591814846;-0.20425219921478577;-8.34801540731453;0.25834290187573355;0.1336777508061479;151.8732763943352
39;7;439177.30778141355;20;0.9114057584903952;3.6299290094960313;-2.7549952087462484;-0.2179411877260347;-11.079796577565654;0.33280017068747236;0.0609462788599105;151.80688136239658
40;7;439323.7441663929;50;0.8669192757190878;3.715884327578656;-2.87698694504886;-0.29839917262918336;-11.087410777717869;0.44267576971684997;0.110353624301651;151.85749884769916
41;7;438952.0740708831;100;0.7247337311939268;3.8734635817720817;-3.003369717567683;-0.34104164433451734;-19.082134798607385;0.7085258035139383;0.025462155760692714;151.7290266404708
42;8;1082292.3722439387;5;0.6015433640567304;-1.2144863342295864;3.514200189047604;2.399102469999707;-4.8637586454801465;-1.0972963304522896;0.44620633874640847;374.10728387277345
43;8;1081947.3532581546;10;0.5931195498555621;-1.1976641790453275;3.55441121762526;2.4447102081499086;-9.855552569955432;-1.0340078381768543;0.22058042483274737;373.9880239399093
44;8;1081990.9444009766;15;0.5984855560614055;-1.184219669364646;3.5308485392053144;2.424637819261598;-10.276421799827483;-1.0163339213305005;0.23937043174183822;374.0030917390169
45;8;1082241.4096817153;20;0.5918589801997317;-1.167356776504996;3.4845947870720444;2.3945259325814985;-7.853089950109682;-1.0429490394469587;0.3973958411925206;374.08966805451547
46;8;1082504.8831481205;50;0.6046562302543799;-1.2473905239905525;3.4907413842834494;2.3828297630155815;1.2688159841820923;-1.241961689918662;0.9073172694360894;374.18074080474275
47;8;1081761.2673500595;100;0.7930873469794137;-1.5541871932020361;3.714995074442478;2.4735182854287228;18.941965048092406;-1.8012493189932415;0.1576017600993087;373.92370112342246
48;9;19.284919130162073;5;-0.0018708041327155462;0.0004757445210506854;0.0025847947733923004;0.017012443909250174;2.000122630710015;0.22043770901910797;0.0;0.006666062609803694
49;9;20.258556954360753;10;0.0007393518684737387;-0.0016543390330030112;-0.0017888510831343147;0.009090836064322004;2.486916774878535;0.22133803459038448;0.0;0.007002612151524623
50;9;21.245555783838284;15;-0.0006146309045797489;-0.005340515835031824;0.0037998630767965193;0.013831650545895895;2.662364664666447;0.21561724850276498;0.0;0.0073437800842856065
51;9;23.207759997327475;20;0.0017046040805138857;-0.015197051852742111;0.015172197824762292;0.01999871855132776;2.7475912696660556;0.20793741396635754;0.0;0.008022039404537662
52;9;34.24220849449535;50;0.01215621476530765;-0.034667355986069355;0.044211713868340746;0.0393574981947403;2.6300061566842485;0.1843146253256962;1.220708578682e-311;0.011836228307810323
53;9;44.877828933730726;100;0.023188222533630107;-0.03397928693395031;0.046534412796307816;0.038160663806463324;2.3172140517994464;0.19097195437497758;6.2983608448091175e-142;0.015512557529806712
54;10;3090.895157515816;5;-0.03415152193847831;0.05773427682493504;-0.1803056616406143;0.06842537595208356;2.24945165975197;0.2669486942031395;5.0923060462025375e-11;1.0684048245820335
55;10;3086.3321078783642;10;-0.03112140018146778;0.05480834337230961;-0.1865717034045622;0.058316268280338195;2.970387796903281;0.2649786765586664;5.7709877281707494e-12;1.066827551980077
56;10;3085.622883699806;15;-0.032738549803531775;0.05012131624742135;-0.18024209610919228;0.06366491670800221;3.2469745123850826;0.25692508863608055;4.114302755511888e-12;1.066582400172764
57;10;3086.8972890977802;20;-0.02986284527955986;0.03767045987837611;-0.16642045438369474;0.07105812268108279;3.4067863349338516;0.24641686263322307;7.557215290003604e-12;1.0670229136183136
58;10;3114.227198659113;50;-0.019573338084946074;0.02201789230142636;-0.13599129268432947;0.09233142105274425;2.711306480260891;0.23380200704927298;3.662019141012478e-06;1.0764698232489138
59;10;3127.0796161745457;100;-0.009852152324802056;0.02549788069405124;-0.1356097076265404;0.09027426703065117;2.2280519450266154;0.24573951537088762;0.002003839353935601;1.0809124148546658
60;11;432434.588256343;5;-0.15308991377032133;0.4221839685961542;-0.21309175103413625;0.4548158179571705;-3.2308520313695457;0.2845246135504483;0.42341182585526504;149.4761798328181
61;11;432453.85013132973;10;-0.15710058008447025;0.4244721344357096;-0.20895491165242774;0.46500364864227706;-3.640180634243185;0.2765878674164028;0.47416390096823136;149.48283792994488
62;11;432504.29993066436;15;-0.1551174065492681;0.42315268677733;-0.22529967683392882;0.45065071688477065;-2.3134014512697725;0.2561240028591508;0.6752359538832433;149.5002765055874
63;11;432517.6244939349;20;-0.15657409821785426;0.42662940066892874;-0.23574775680132753;0.44377688987352343;-1.7263640288056803;0.24928412841344927;0.7685286025872364;149.50488230001213
64;11;432519.2512812156;50;-0.16432413761273368;0.44262501716068664;-0.2564655813421636;0.43040355531664287;-1.8960853469574528;0.27151680162495134;0.7831335470049607;149.5054446184636
65;11;432478.23728052014;100;-0.10365225057474742;0.3270236236702706;-0.1745145201901147;0.46547094911602277;5.009499108059972;0.0559043305897986;0.554405589713468;149.49126763930852
66;12;1087946.6291848873;5;-0.36882789932188076;3.7867723623144895;-2.5762559546339907;-3.0281784748024614;7.986813761938956;1.9573385971014643;0.21220580149137425;376.0617453110567
67;12;1088251.4850962632;10;-0.36001628938294183;3.787299441918953;-2.5707741778204958;-3.0393710712919435;6.976153682256616;2.0117353910593345;0.3872389424114292;376.1671223976022
68;12;1088165.5880464788;15;-0.36381342838595637;3.771945730010221;-2.5611926047607287;-3.031607474955348;8.650623002963616;1.9741575340771647;0.32332759110682596;376.137431056508
69;12;1088242.7738272708;20;-0.35691856018770185;3.745757142353434;-2.5235915358310037;-3.0098309631081825;8.169048864888918;1.9647080498069982;0.38000046740240334;376.1641112434401
70;12;1088485.2264116737;50;-0.3448552207467712;3.748320867865731;-2.4769704722620376;-2.971714978034928;3.905018195566821;2.0132233975891483;0.7208489132427226;376.2479178747579
71;12;1088315.56521827;100;-0.25886310658187334;3.632582496033255;-2.388694000450152;-2.938795784984132;10.216693732480028;1.8092647407559048;0.4472420171732414;376.1892724570586
72;13;12053.074456351294;5;-0.04677010331785386;0.01189361302626546;0.06461986933481145;0.42531109773125597;50.00306576775037;0.0335427254776853;0.0;4.166289131127308
73;13;12661.598096475469;10;0.01848379671184658;-0.04135847582506541;-0.044721277078344335;0.22727090160804359;62.172919371963346;0.0560508647596107;0.0;4.3766325947028895
74;13;13278.472364898938;15;-0.01536577261450367;-0.13351289587579168;0.09499657691991792;0.34579126364739293;66.55911661666113;-0.08696878743086114;0.0;4.589862552678494
75;13;14504.849998329668;20;0.04261510201286347;-0.379926296318552;0.3793049456190619;0.4999679637831974;68.68978174165144;-0.2789646508410547;0.0;5.013774627836048
76;13;21401.38030905961;50;0.3039053691326891;-0.866683899651733;1.1052928467085172;0.9839374548685084;65.75015391710623;-0.8695343668575954;1.220708578682e-311;7.397642692381469
77;13;28048.64308358169;100;0.5797055633407606;-0.8494821733487643;1.1633603199076847;0.95401659516159;57.93035129498617;-0.7031011406255593;6.298360844806606e-142;9.695348456129185
78;14;14862.136481134563;5;-0.04244968764240444;-0.049345932888518074;0.15329698786647417;0.4353538996180717;50.88143863377192;0.009093517153685976;0.0;5.137274967554294
79;14;15737.104986651415;10;0.02376779739082193;-0.10250923511465238;0.044637007555870745;0.23615250432722162;62.930061381875454;0.037757432770356966;0.0;5.439718280902679
80;14;16272.341512067642;15;-0.010493871816222446;-0.19640479280274847;0.1853038870394496;0.35543293918924285;67.51562292267565;-0.1096616870718521;0.0;5.624729178039288
81;14;17567.693608017584;20;0.04827361026035144;-0.4459346562626753;0.47374526153597013;0.5119517440016494;69.62172561596091;-0.3032887364335829;0.0;6.07248309990238
82;14;24565.621207482807;50;0.3141114698889446;-0.9424842793331298;1.2116775118348742;1.0035126813778068;66.8486435591796;-0.9081332846279916;7.306592190792109e-287;8.491400348248462
83;14;31630.711733101623;100;0.5863622858161441;-0.91131311937481;1.260774928407919;0.9690261955495482;58.10416487371715;-0.7138610883213949;3.0430703854707336e-128;10.933533264120861
84;15;461770.9089510861;5;1.247949406007094;1.949760117022957;1.581391521527232;1.9571260104495547;45.32649472427567;-2.264562739353174;5.3246014947363796e-27;159.6166294334899
85;15;462658.649435521;10;1.3067748203554896;1.903313742968954;1.486913393492034;1.7817379234327255;55.76113405849166;-2.2338941497977043;8.721705975262063e-26;159.9234875338823
86;15;462448.35894076555;15;1.276417080865398;1.815607976176697;1.6060762373235697;1.8824544895719575;60.88711589118115;-2.383873360956905;4.49899890944433e-26;159.85079811295046
87;15;463272.6603344139;20;1.329767866169264;1.5873613503864485;1.8658413285752475;2.0226493285028626;63.20417960772671;-2.5670292898209848;6.01774109715027e-25;160.13572773398346
88;15;469612.621828847;50;1.5637524480298013;1.1599511951668142;2.5203991551017313;2.461384264089733;59.17352228433824;-3.070216067366091;2.492975387234239e-16;162.3272111402861
89;15;473732.86111895106;100;1.8686356127047954;1.0803800777124146;2.641715208237704;2.4627018221327934;57.65220063801283;-3.094516377980427;9.347453144459397e-11;163.7514210573629
90;16;1119728.0155400708;5;-0.08950383386771005;0.41094019463758436;0.8408454536992647;3.4290882709992023;48.74763003249312;-1.7120931203611292;8.00731049560494e-14;387.0473610577502
91;16;1121537.4897537695;10;-0.02685865767859577;0.36446547377242183;0.7480698830992263;3.2483308309638406;58.83247408943425;-1.659552973601847;8.587284589119037e-13;387.6728274295781
92;16;1121164.3487082354;15;-0.058888329422532054;0.2709967066696971;0.8726629203417371;3.353565776655225;64.46062094488869;-1.8217961465871682;5.264849000524885e-13;387.5438467709081
93;16;1122943.0350712647;20;-0.0036594987210379903;0.04076910509759485;1.148944426360819;3.5053879337675387;65.43047756877154;-1.9853842870638068;5.42268501035018e-12;388.1586709544635
94;16;1127218.7485972496;50;0.2686664399843184;-0.49740788579664774;1.8894428507464602;3.990356913199834;67.45542091521635;-2.6943076159822446;1.48180419438659e-09;389.63662239794337
95;16;1132293.046253201;100;0.6266275682234971;-0.6055708349556104;2.0404196068700537;3.9970458082879206;66.7341732963717;-2.7539776134521285;1.189952887790351e-06;391.39061398313214
96;17;10070.44797682109;5;0.06601298692679558;-0.025739029880159303;-0.11081549790493672;-0.43310799336254585;-39.26928462939014;0.3469193719534137;0.0;3.4809706107228178
97;17;14977.326607608846;10;0.0024491662705044864;0.002818876605487155;0.3556522335094773;0.21798977385804047;-50.03991199465571;0.04911833799845755;0.0;5.005790978478897
98;17;15095.51460171277;15;0.013872016093287913;0.0807843581644965;0.21236684702148032;0.0779684574644194;-53.81460168145857;0.20820946735950513;0.0;5.045292313406684
99;17;15599.70743313761;20;-0.0027730004572803914;0.28835843829385627;0.03869395348862467;-0.0015113822160186877;-56.144505027356;0.3287323369321203;0.0;5.213805960273269
100;17;20043.54505465205;50;-0.23994616226049392;0.7335267002611923;-0.5995088654682401;-0.4305677131848146;-57.80543289807862;0.9206792203271823;3.03451864374893e-309;6.6990458070361045
101;17;25136.97955243462;100;-0.528962566718358;0.7787047463092417;-0.7293411965339364;-0.43441390922852335;-56.57396920817666;0.9219141931583519;2.6272146777760535e-162;8.401396909236167
102;18;12890.551060713586;5;0.08762219679562021;-0.19402911224995306;0.09499999071024096;-0.3734975702093738;-39.34074706567206;0.30471201374135354;0.0;4.455772921090071
103;18;17990.574344328237;10;0.01417778031480562;-0.16153358347130076;0.5099474771420952;0.22448508970277767;-49.827453548793216;0.03793243472496441;0.0;6.012892494762127
104;18;18190.60485227147;15;0.025581673398383617;-0.08454754273437212;0.3667455888169246;0.08463763124032625;-53.45489211830542;0.19369540734574786;0.0;6.079747611053298
105;18;18686.99885161515;20;0.009046971945084305;0.12165460669948583;0.19423493076025272;0.005692107447860917;-55.771064958213245;0.3134523423242438;0.0;6.245654696395446
106;18;23038.885082130135;50;-0.22691285407564898;0.5651199852665796;-0.44054003882765685;-0.4209705969312043;-57.500110794050876;0.9039275202678116;2.8554682996918713e-274;7.7001621263803965
107;18;28116.050016116533;100;-0.5129187809548998;0.6074821364023529;-0.5677440561018048;-0.42388764800513906;-56.12387394932988;0.9003386339808995;5.111879297351115e-145;9.397075540145893
108;19;446544.11236489384;5;0.31019999989641084;0.5461587753452443;-0.8414429606723028;-2.3646389521779017;-40.99744628714555;1.5196406229698907;3.696149127996159e-23;154.35330534562524
109;19;466187.44621044386;10;0.25864055817185405;0.5625178722558077;-0.8565208780473597;-1.746479154611351;-52.23908387102683;1.3309819214327305;2.033309089293647e-27;155.8113122361109
110;19;467900.38803314115;15;0.27111555262219955;0.6318351062721705;-1.0158772755295586;-1.9004872962829409;-53.736022594594345;1.4476668890244644;5.090358712620576e-25;156.38381952979344
111;19;468994.6853904116;20;0.25501347647676337;0.8305676327283944;-1.1900462088211348;-1.9815285856888445;-55.050061397242445;1.5462228899722759;1.720166700029566e-23;156.74956062513763
112;19;476294.9581778726;50;0.05884793249585604;1.141370025098071;-1.734178492880853;-2.3562459947475896;-48.76981848658368;1.8803147032181968;2.4001995868539915e-13;159.1894913696098
113;19;480268.56840908155;100;-0.16843735257327042;1.1507341083784368;-1.8220454040867953;-2.3493520382780293;-46.043185253672306;1.8276141934239545;7.851109694574204e-08;160.51756965544166
114;20;1094609.0989497202;5;1.2712843663488107;1.6544889680188937;-1.6187494419694333;0.4977751779877919;-37.06208032686504;-0.22282010965399435;8.633599781350829e-09;378.36470755261786
115;20;1146244.4234723772;10;1.3865734234752454;1.8517835605769233;-0.9102926191963463;1.8282094806377662;-46.04703477860652;-1.166988005181969;8.281749699089053e-10;383.10308271135517
116;20;1144622.1184952692;15;1.3964396533098702;1.9376881071385739;-1.0306827305738118;1.7085470498947832;-52.38623289922285;-0.9626614563454363;9.503385713673178e-11;382.56086848103877
117;20;1146717.9107995648;20;1.3817175347894426;2.1153688806526603;-1.2018867028313167;1.6263862440780388;-51.76294454935241;-0.9075671006003307;1.558613558752023e-09;383.2613338233839
118;20;1150340.9440150412;50;1.1612265047521113;2.532107314494069;-1.7943827370742802;1.2285051487249143;-53.69139370858441;-0.3494474074950004;1.9909638739595696e-07;384.4722406467384
119;20;1155451.5829027484;100;0.9241386012743263;2.5196057890914885;-1.873923768971593;1.2441385635479323;-49.35069466041721;-0.4501028435580117;0.0002025253144621739;386.18034187926037
120;21;16.112716762913752;5;0.0026405194770705125;-0.0010295611952062583;-0.004432619916197578;-0.01732431973450195;-1.5707713851756069;0.2329727748781369;0.0;0.005569552977156498
121;21;23.963722572174156;10;9.796665081974852e-05;0.00011275506421941708;0.014226089340379028;0.008719590954321661;-2.001596479786228;0.22106073351993866;0.0;0.00800926556556621
122;21;24.152823362740435;15;0.0005548806437316336;0.0032313743265798556;0.008494673880859328;0.003118738298576885;-2.1525840672583447;0.22742437869438067;0.0;0.0080724677014507
123;21;24.95953189302017;20;-0.00011092001829054473;0.011534337531754259;0.001547758139544969;-6.0455288640751115e-05;-2.245780201094239;0.23224529347728456;0.0;0.00834208953643724
124;21;32.069672087443294;50;-0.009597846490419702;0.02934106801044757;-0.023980354618729657;-0.017222708527392654;-2.312217315923146;0.2559231688130869;3.03451864374824e-309;0.010718473291257774
125;21;40.219167283895416;100;-0.021158502668734522;0.031148189852369567;-0.029173647861357416;-0.01737655636914094;-2.2629587683270724;0.25597256772633364;2.6272146777724644e-162;0.013442235054777863
126;22;2922.4379087063176;5;0.05164667381493415;0.09271450070764181;-0.04693500676382011;-0.019349720193589097;-1.3720744607246065;0.16359915532428576;3.635054893553529e-05;1.0101755647101014
127;22;3009.854550196547;10;0.04181962689029102;0.1109619012832601;-0.06731290463241456;0.006774021942501256;-1.6046659157599028;0.15232724150573956;2.886048890098638e-05;1.0059674298785233
128;22;3009.7272786622125;15;0.04218318963557287;0.11352226055072621;-0.07185902450882221;0.002322900139148619;-1.7378914669409447;0.15767514582749714;2.700659656450967e-05;1.0059248926010076
129;22;3013.950491402287;20;0.0417509459200738;0.11849222559949393;-0.07761981328088173;-0.0005843859679577207;-1.6075874954622111;0.15714342145608717;0.0002474476273778786;1.0073363941852571
130;22;3021.324173285965;50;0.036554858151501154;0.12572923310993875;-0.09231526890137433;-0.010854257509896943;-1.3084645387866933;0.163295442584744;0.013243861220751479;1.0098008600554702
131;22;3024.900155398814;100;0.03182643867169367;0.1236019160949493;-0.09287991135010505;-0.009830542151352137;-1.0956972340175517;0.15743562324943638;0.10654407100001184;1.010996041242921
132;23;442890.7654072765;5;-0.11575934190499322;1.8423690233318533;-0.12859157736834562;0.8675253427382283;2.9796735100220078;-0.8259363480502656;0.4656831477545639;153.09048233918975
133;23;455736.8575564218;10;-0.151025150998518;1.8277640545655518;-0.08773349006201656;0.900581563247054;2.2725383683753657;-0.7759078006869187;0.6297776306136609;152.31846843463322
134;23;455765.81931364455;15;-0.15185759892818718;1.831108309222779;-0.07565318277663546;0.91140702330196;1.0505943373359188;-0.754966034958449;0.8364007922921021;152.32814816632504
135;23;455759.22551533824;20;-0.15128549651240597;1.8229870352048123;-0.07261988785218494;0.9121592691430183;1.5785583354106432;-0.7677031599958168;0.7695402837164638;152.32594435673073
136;23;455770.1878697637;50;-0.14856121506639008;1.8240953302861131;-0.06352489432429201;0.9192388821854018;0.7679401869561405;-0.7576455624740188;0.9057262493976063;152.3296082452423
137;23;455754.26312778855;100;-0.12397941977482319;1.7874701617163986;-0.034647139175577796;0.9319935700058033;2.8661336035283433;-0.824998528222102;0.7308398016011328;152.3242858047421
138;24;1104722.5922554673;5;2.998934156508132;-1.001728058790802;0.8318767377393916;1.5055792473390142;-6.25139788115429;-1.5650332456244822;0.33251317888016385;381.8605572953557
139;24;1145194.4503049818;10;2.8031808063656953;-0.8397348834597645;0.6811311923656387;1.2989818475846833;0.48707054160261976;-1.60689158038757;0.9480336733927234;382.75215585059635
140;24;1145118.8219829872;15;2.803766495154278;-0.8557893699163253;0.670144876437999;1.2904221817535784;3.619289777425922;-1.6710148507706346;0.6535802760597734;382.7268790050099
141;24;1145051.9685305993;20;2.805633322397578;-0.882053904908775;0.6807449650382502;1.2933502452004917;5.2349768779799914;-1.7105219327101253;0.5399036766822021;382.7045349366972
142;24;1144781.101299272;50;2.852134612844724;-1.0078057165534542;0.7949650213762832;1.3641713201853878;10.690800915194284;-1.9308118082709655;0.29824266305277336;382.61400444494296
143;24;1144549.824609108;100;2.9711048196053733;-1.129952718661626;0.904744400234917;1.4050092959739515;17.14225603314964;-2.1437351840881624;0.19422857605171268;382.5367060859314
144;25;16.11271676291375;5;-0.0026405194770730937;0.0010295611952064465;0.004432619916197305;0.01732431973450179;1.570771385175603;0.2234772251218642;0.0;0.005569552977156501
145;25;23.963722572174152;10;-9.796665082071628e-05;-0.0001127550642194778;-0.014226089340378988;-0.008719590954321666;2.001596479786229;0.23538926648006203;0.0;0.00800926556556621
146;25;24.152823362740435;15;-0.0005548806437313211;-0.0032313743265798226;-0.00849467388085919;-0.003118738298576739;2.1525840672583407;0.22902562130562032;0.0;0.0080724677014507
147;25;24.95953189302017;20;0.00011092001829201295;-0.011534337531754204;-0.0015477581395450229;6.045528864085867e-05;2.245780201094245;0.22420470652271418;0.0;0.008342089536437237
148;25;32.069672087443294;50;0.009597846490420059;-0.02934106801044778;0.023980354618729563;0.01722270852739258;2.3122173159231423;0.20052683118691228;3.03451864375307e-309;0.010718473291257774
149;25;40.21916728389541;100;0.021158502668734865;-0.031148189852369734;0.029173647861357448;0.017376556369140993;2.2629587683270667;0.20047743227366632;2.6272146777768007e-162;0.013442235054777863
150;26;2849.5986568013946;5;0.04155313059672515;-0.006472445671927606;-0.1205434373204366;-0.137508244862655;1.5710530091481585;0.31568008703977674;1.701241347068913e-06;0.9849978073976495
151;26;2951.0465662400497;10;0.04492773165685872;0.0069586711832234915;-0.1512240422178758;-0.17750829830770176;2.144443769259005;0.3274361589937852;1.7227110448004604e-08;0.986312355026756
152;26;2950.167791111783;15;0.04444720011272649;0.003420146904045983;-0.1452433309309881;-0.17163574979453614;2.346143825417991;0.3198110399279189;1.0900975761805504e-08;0.9860186467619597
153;26;2944.019993085714;20;0.04530708757170154;-0.007839091593308437;-0.13786574884585767;-0.16860480695805583;2.7097361977851087;0.3089173475914637;4.457415184539378e-10;0.9839639014323935
154;26;2951.6369348886433;50;0.057360520351269026;-0.03141999352436064;-0.10570284401164325;-0.14713050148081;2.9217543283205076;0.27624126493827145;2.3430647245805824e-08;0.9865096707515528
155;26;2966.770583940991;100;0.07026254124803694;-0.030740172273846525;-0.10137405291355442;-0.14798106399764238;2.685572346613548;0.28171778817297444;6.611071867220282e-05;0.9915677085364298
156;27;429151.7409162506;5;-1.1312192508645416;1.1847954007702646;-0.6007612271163649;-2.4505431544691754;2.917597239917959;1.7420885084906403;0.4680428853683736;148.34142444391645
157;27;443925.2093815835;10;-1.0516456321714098;1.0693708328628087;-0.3238920735977662;-2.473056069300575;-0.9236143731714113;1.731932860530012;0.8426499196697703;148.3707250606898
158;27;443914.0446084958;15;-1.0508286981588524;1.0575067715453579;-0.337304961075672;-2.48427053553662;1.6989586464889141;1.6804458729968386;0.7350881206759949;148.3669935188823
159;27;443927.1242326861;20;-1.0507675323569845;1.0585978961448366;-0.3311508691646141;-2.4802594639859725;0.86607175216705;1.6961499645764766;0.8706211906375855;148.371365051031
160;27;443845.2585879223;50;-1.0288460992314865;0.9886425943997913;-0.28033257933284705;-2.4505640209728696;4.861456654028926;1.563382110307058;0.4474354093232946;148.34400353874415
161;27;443908.93071221805;100;-1.0200889351195936;1.01184887891184;-0.2897685732893742;-2.459763676978781;3.1727360440092527;1.613756438184879;0.6996040427159915;148.36528432894974
162;28;1069957.554292386;5;1.3208742913427256;-0.6691542212815679;-0.47153043642601133;-1.4417022821482637;-0.14531296093354618;0.5483791254586317;0.9817374875778911;369.8436067377765
163;28;1105881.8895441834;10;1.1735856118205863;-0.6306713842206353;-0.02321301181330293;-1.7156382760441198;-0.649214737511177;0.6317561138449161;0.9295557357033378;369.61293099738805
164;28;1105793.5577382683;15;1.1730055902169703;-0.6136762523793873;-0.01213407098167485;-1.7070859914414824;-3.9329033271419176;0.699209572076533;0.6196994633500055;369.58340833498255
165;28;1105808.30908551;20;1.1719375067885174;-0.6009489762910919;-0.025040973782080034;-1.7133744868915752;-3.8135253335593915;0.701783575875348;0.6495533319600001;369.58833859809874
166;28;1105863.1172907539;50;1.185129339686396;-0.6719321819186289;-0.0026508024373446126;-1.7054921878392915;2.4428592011384103;0.5436245529206312;0.8088918181964395;369.6066568485143
167;28;1105868.40682891;100;1.2006597556355938;-0.6796016125897908;0.007177528406541622;-1.7032984100239323;2.7289234646200464;0.5328056012300657;0.8334557096782463;369.60842474228247
168;29;10070.44797682109;5;-0.06601298692679626;0.02573902988015897;0.11081549790493589;0.433107993362546;39.269284629390114;0.10953062804658932;0.0;3.4809706107228187
169;29;14977.326607608844;10;-0.0024491662705072408;-0.0028188766054868864;-0.3556522335094764;-0.21798977385804058;50.03991199465567;0.4073316620015409;0.0;5.005790978478898
170;29;15095.51460171277;15;-0.013872016093286105;-0.08078435816449633;-0.21236684702148054;-0.07796845746441941;53.8146016814586;0.24824053264049392;0.0;5.045292313406683
171;29;15599.707433137606;20;0.00277300045728123;-0.28835843829385577;-0.03869395348862412;0.0015113822160185437;56.14450502735596;0.12771766306787857;0.0;5.213805960273267
172;29;20043.54505465205;50;0.23994616226049487;-0.733526700261193;0.5995088654682401;0.430567713184815;57.80543289807858;-0.46422922032718306;3.03451864375169e-309;6.699045807036104
173;29;25136.97955243462;100;0.5289625667183566;-0.7787047463092406;0.7293411965339367;0.43441390922852274;56.5739692081767;-0.4654641931583521;2.627214677775006e-162;8.401396909236167
174;30;12694.554781368157;5;-0.08432418236333669;-0.04346166547755059;0.38563182007620755;0.5974792350334054;39.0884119474573;0.00698781177480487;0.0;4.388024466425216
175;30;17653.091825067462;10;-0.024123280863780135;-0.04898337993061512;-0.10133942258503441;-0.07002384362776513;49.56369787443846;0.31779314056663116;0.0;5.900097535116122
176;30;17710.32181755653;15;-0.035416416482617404;-0.1266679576995511;0.0402091499678304;0.06836582840262138;53.39577484040699;0.1583297840948782;0.0;5.919225206402591
177;30;18105.75764276419;20;-0.018812826788582353;-0.3340772417851193;0.2124030220598363;0.14694208214836071;55.879565053376325;0.03504258955163149;0.0;6.051389586485354
178;30;22428.90211035213;50;0.21810801653761602;-0.780139389181076;0.8495391053499126;0.5750691258477998;57.721086559022986;-0.5599795750965937;5.006654781053187e-282;7.496290812283474
179;30;27431.76800040232;100;0.5096837862705307;-0.8304290364996356;0.9830844227522875;0.5807354741475694;56.79532405659087;-0.5708903787011503;2.3534334031232245e-151;9.168371657888446
180;31;452800.9016745972;5;0.9965556515498661;2.6061826978099973;-0.18355110744590347;1.2638513608633377;41.61882647517118;-1.3874985266228135;1.6692035411528708e-23;156.51603929298173
181;31;472502.39888488175;10;1.0292628947703935;2.5000101084635826;-0.733096659571901;0.5438215619374432;51.679290592385904;-0.9682411812978935;1.50667910582218e-26;157.9219247609898
182;31;471420.8497787827;15;1.0178738563311138;2.410534354503664;-0.5923664742156647;0.6826202180000099;57.39013566680599;-1.1691836674184786;4.7852937424855e-28;157.56044444478036
183;31;470919.2002263349;20;1.036487204822196;2.1749706005582947;-0.40840097886993254;0.7645914102831242;61.558405845297024;-1.3339490561199652;9.640839424621022e-29;157.39278082430982
184;31;479339.7765058329;50;1.2639376174596197;1.7994663374918547;0.2182188862227255;1.1938364561655714;56.29483947842925;-1.7623276074495378;3.9138568256361055e-17;160.20714455408879
185;31;485978.18360943417;100;1.466463863375556;1.8925669875572582;0.24132408064491978;1.149236855636077;47.0483297857774;-1.5072716539959292;4.897078559769108e-08;162.42586350582678
186;32;1025009.1279313032;5;-0.04544029813692474;0.4796435830385909;2.2813724479250626;0.9001804866558516;36.11005687759903;-0.1063206589285352;6.8408480389482344e-09;354.30664636408744
187;32;1072978.352829126;10;0.3306886945148173;0.19978027458803238;2.496453935932288;0.4508127825874324;46.75077250310079;-0.20584524454893965;1.1907162226244807e-10;358.61575963540366
188;32;1073825.767843618;15;0.3197305349813053;0.13321987384187461;2.6354047780253804;0.5857046732229263;49.006345038741216;-0.328786028056677;3.9788083863364543e-10;358.898986578749
189;32;1073887.6585528837;20;0.33522552885902973;-0.061358950162899384;2.793072883967998;0.6569924927093171;51.78631653485333;-0.45270746362284703;4.3454044735143925e-10;358.9196719762308
190;32;1079831.7738619102;50;0.5267727073117626;-0.3779563629256053;3.320676273782462;1.0183540260748234;47.402523847068764;-0.8144599257296714;2.132761876053495e-06;360.9063415313863
191;32;1082664.3692663372;100;0.7914207343640948;-0.46301629801559985;3.463331537080233;1.038438764956426;49.210851959586705;-0.905215494581477;0.00012941273505241013;361.85306459436447
192;33;10699.698859137367;5;0.09275447832367023;-0.05754255187259383;-0.10793007802595894;-0.44314658585352473;-35.57100940723713;0.25153469832090597;0.0;3.698478693099688
193;33;15447.264678277224;10;0.03357178832125339;-0.033725505878656255;0.35525855183359045;0.2071056941328624;-46.22168295188608;-0.03782408457309379;0.0;5.162855841670201
194;33;15360.062082998207;15;0.04405106571362031;0.03987051693436454;0.22418496688499073;0.07879323477886813;-50.02802345415363;0.11558997121273326;0.0;5.133710589237371
195;33;15503.264758286034;20;0.028305643185718505;0.23731051064947728;0.06312486622774531;0.00578436426717021;-52.72420645487128;0.23904417668694322;0.0;5.181572445951226
196;33;18633.219535692107;50;-0.20346279240782927;0.6866005878545479;-0.5564889893589514;-0.408561725471422;-56.24977664882718;0.8561547178928577;9.0214341044e-314;6.227680326100288
197;33;23051.14005792453;100;-0.5008682551324445;0.7586416317394453;-0.7039910053839209;-0.4222059290523641;-56.69959296844072;0.9098403555790278;1.0480432567384301e-175;7.704258040750174
198;34;13235.706277922543;5;0.19892433278404495;-0.03550717822535138;0.007693008001876334;-0.26368126533718883;-36.15779888436009;0.10822876602011834;0.0;4.575079943975984
199;34;18311.811856264154;10;0.135657412187859;-0.0199899990621788;0.47828037640992815;0.3719764906336739;-46.97015779522363;-0.16974062222489586;0.0;6.120257973350332
200;34;18232.387924702267;15;0.14631037188133683;0.05471020517745051;0.3450134129790124;0.24152943907864527;-50.82041273424232;-0.014200561692029805;0.0;6.093712541678564
201;34;18403.833568495218;20;0.130337093398242;0.25492290626459746;0.1813711704886353;0.1672945358285416;-53.51726172345937;0.11030424106764489;0.0;6.151013893213633
202;34;21769.275812350505;50;-0.10335252678757673;0.7055648654230313;-0.44405155704817495;-0.25130646821036107;-56.75568554764469;0.7261024445313751;3.811117011310248e-281;7.275827477389875
203;34;26241.126920620627;100;-0.40444143546735817;0.7800055563139741;-0.5942005117686548;-0.2656910984974815;-57.31236748915278;0.7835451641718884;6.686610229234206e-160;8.770430120528294
204;35;451155.97168770444;5;-1.606417760740971;0.3004413426594385;-1.9503183626961464;-1.748686591809335;-43.97295093916408;2.482618941919295;4.3537539250840937e-26;155.9474495982386
205;35;471351.21672607167;10;-1.6189819700655532;0.11020747150561139;-1.2146358149303458;-1.0808034003674312;-53.60363250488922;2.138352640981762;1.8340407681045106e-28;157.53717136566556
206;35;472903.7826709575;15;-1.606267701189972;0.1832358557744364;-1.3766164389133608;-1.2376015278639028;-55.52429053464449;2.2658605605908253;2.589050242382513e-26;158.05607709590868
207;35;473581.3574426094;20;-1.6233228762822023;0.39545113456745307;-1.5559784178868212;-1.3199902195417765;-57.696584004222096;2.38522712758859;2.236680426524838e-25;158.2825392522089
208;35;476609.1021987087;50;-1.884269257292924;0.9124001935112973;-2.250450414970834;-1.782662562609977;-63.1457939203314;3.1100924412212967;3.328552418814136e-21;159.29448602897995
209;35;479745.0132754095;100;-2.2982013683931943;1.1323310066230108;-2.5208470349190413;-1.8470158415257678;-71.81301220693035;3.4302814200832525;6.702688754228116e-17;160.3425846508724
210;36;1085816.1471368207;5;2.479276761965141;1.8868902126956977;-3.371692119705564;-0.46304373709486146;-30.53932312108585;-1.4199416663454811;1.8782128539472209e-06;375.3253187476048
211;36;1127687.497990271;10;2.1604383894314676;2.356335895337605;-3.3888937448002228;-0.5985066681264195;-38.539117970526334;-1.2999539493411363;2.157742272674856e-07;376.9009017347159
212;36;1127776.5229714771;15;2.1692446148838482;2.4161910571148453;-3.4994023717291824;-0.7064706629941031;-41.40754190133896;-1.1782098333498547;2.437625954600115e-07;376.9306560733551
213;36;1129295.4693567152;20;2.157858792197127;2.55250341987473;-3.6350894975686807;-0.7722245494783013;-40.42497947034937;-1.1452056206495593;1.96150688827707e-06;377.4383253197572
214;36;1129982.321731539;50;1.963884127626617;2.9531962250878427;-4.146669929240959;-1.1104753756653574;-46.66512869686368;-0.5618928472330779;5.052946114638543e-06;377.66788827925836
215;36;1134453.0070408953;100;1.7908410390405498;2.8849842651232898;-4.17257844903039;-1.076665575443362;-39.526414941444;-0.7565659441859962;0.0026579932243011232;379.1621012837216
216;37;17.119518174619785;5;0.003710179132945429;-0.002301702074903627;-0.004317203121038473;-0.017725863434140947;-1.4228403762894843;0.22915738793283674;0.0;0.005917565908959473
217;37;24.71562348524356;10;0.0013428715328497188;-0.0013490202351462439;0.014210342073343603;0.008284227765314489;-1.8488673180754431;0.2175830366170765;0.0;0.008260569346672318
218;37;24.576099332797135;15;0.0017620426285453925;0.0015948206773745907;0.008967398675399616;0.0031517293911547117;-2.0011209381661437;0.22371959884850923;0.0;0.008213936942779795
219;37;24.805223613257663;20;0.0011322257274295358;0.009492420425979095;0.0025249946491097616;0.0002313745706868514;-2.1089682581948503;0.22865776706747715;0.0;0.008290515913521942
220;37;29.81315125710737;50;-0.008138511696312783;0.027464023514181948;-0.022259559574358035;-0.016342469018856956;-2.2499910659530884;0.2533421887157144;9.0214341044e-314;0.00996428852176051
221;37;36.88182409267923;100;-0.020034730205297765;0.030345665269577812;-0.028159640215356836;-0.016888237162094637;-2.2679837187376357;0.25548961422316147;1.048043256735925e-175;0.012326812865200263
222;38;2847.5380117538457;5;0.14061042371336552;0.203325743054081;-0.26973857969337833;-0.17239047463907822;-1.2128878660856386;0.2161061020712273;0.00021627650601096558;0.9842855208274599
223;38;2962.346376587604;10;0.1348255114129853;0.20816623885996324;-0.2596055909290332;-0.140131723387544;-1.4419315029761663;0.20152738346040855;0.00015116453055943928;0.9900890296081611
224;38;2965.908733350182;15;0.13520028453797167;0.2094116328063467;-0.2645448941418885;-0.14481604523802794;-1.348075527036968;0.20201563190620678;0.0010318064700569644;0.9912796568683748
225;38;2963.6879332153067;20;0.13470024525519306;0.21597913726405238;-0.2687753869039258;-0.14653834024364856;-1.5686175727493992;0.2085252565505887;0.00031050939450689725;0.9905374108339933
226;38;2963.322857079088;50;0.12669744759603965;0.2331714898592399;-0.2896941800233134;-0.16026497481658397;-1.9142147594792243;0.23438184955722846;0.0002551780135053948;0.9904153934087858
227;38;2963.9978920214753;100;0.11199721666583394;0.2435764567771125;-0.3007084186199071;-0.16353391333022121;-2.39635986573352;0.2510749407089159;0.00036689226246613266;0.9906410066916724
228;39;481025.64439444046;5;-0.5700503179226477;2.0491977988350145;-2.067286536252368;-1.5299615596351805;-2.265360681868584;1.137170650382103;0.5945831969591695;166.2722586914761
229;39;494944.5328884667;10;-0.7046223618485745;1.8934289246908198;-2.0817230218053933;-1.3138828439642445;-1.112414968967748;1.1119208851090996;0.8208710591429728;165.42263799748287
230;39;494952.8360974139;15;-0.7040580343529921;1.8883494103246674;-2.090422891922545;-1.3214151597517187;0.18241168512770378;1.087586493223446;0.9725538541936256;165.42541313416217
231;39;494951.0594664297;20;-0.7037853388430961;1.8840852084686521;-2.090146807743631;-1.3218452846437612;0.6125137813859337;1.078091000226277;0.913132692523352;165.4248193403845
232;39;494841.0612229502;50;-0.6785512408435185;1.8009967890379015;-2.032375547759052;-1.288548194755009;5.553291603137787;0.918318996277825;0.41114981667558825;165.3880552215743
233;39;494944.4355730603;100;-0.6847049571018808;1.8555671353836487;-2.0643050983008586;-1.3089524868355866;1.9771227458228025;1.0283137514405725;0.8198659943392108;165.4226054722794
234;40;1133189.2910622454;5;0.6239022205751935;-2.408057466128972;4.470471877118094;4.325208631303562;-1.11582598264703;-2.7963798722814897;0.8643830062626283;391.7004117048891
235;40;1168137.5852048637;10;0.28703749458754757;-2.4071061122846227;4.168826124844182;4.052585452304818;2.2694904109996563;-2.4837778758881774;0.7636528303569269;390.42031591071583
236;40;1168127.2027092795;15;0.28659703527926594;-2.412345536769588;4.173945811393546;4.057830885935335;2.7854170114591694;-2.497961926763038;0.7323680356803863;390.41684582529393
237;40;1167973.0648022138;20;0.28912825548585275;-2.4505779615424927;4.1805216823003155;4.056544206940346;6.165507505983626;-2.5743531453059836;0.47474080242142447;390.36532914512526
238;40;1167586.986721388;50;0.34441410972372866;-2.6004747905184002;4.316208687510745;4.1406095155404845;12.703897541652204;-2.837312575109186;0.22098674060972479;390.2362923534054
239;40;1167919.8304723357;100;0.39120872943475804;-2.5813600334531026;4.322851084065249;4.13121309014505;10.728494571751778;-2.783296888840229;0.42118819088759096;390.3475369225712
240;41;17.119518174619785;5;-0.0037101791329482714;0.0023017020749038376;0.004317203121038244;0.017725863434140884;1.4228403762894852;0.2272926120671645;0.0;0.005917565908959474
241;41;24.71562348524356;10;-0.001342871532850654;0.0013490202351462647;-0.014210342073343617;-0.008284227765314517;1.848867318075444;0.23886696338292374;0.0;0.00826056934667232
242;41;24.57609933279713;15;-0.0017620426285440546;-0.0015948206773745682;-0.008967398675399562;-0.0031517293911545834;2.0011209381661423;0.23273040115149074;0.0;0.008213936942779792
243;41;24.805223613257667;20;-0.0011322257274287394;-0.009492420425978998;-0.0025249946491097807;-0.0002313745706867057;2.1089682581948552;0.22779223293252238;0.0;0.008290515913521946
244;41;29.81315125710737;50;0.008138511696312994;-0.027464023514182;0.02225955957435804;0.016342469018856845;2.2499910659530844;0.2031078112842858;9.0214341044e-314;0.009964288521760513
245;41;36.88182409267924;100;0.02003473020529782;-0.030345665269577903;0.028159640215356902;0.016888237162094522;2.2679837187376304;0.20096038577683853;1.0480432567375353e-175;0.012326812865200263
246;42;2860.0886250069225;5;0.04166501481986605;-0.00675426480056255;0.067822996573406;0.11390505039006767;1.7675990971157336;0.1261117173158149;7.782031707164905e-08;0.9886237901855939
247;42;3006.0071201358646;10;0.0561695406456878;-0.0511011576879497;0.07288932119603755;0.09566475483708586;2.091518819518356;0.13720878043308626;5.063048851159961e-08;1.004681524109582
248;42;3011.689568847586;15;0.055643282415978663;-0.05328839972338771;0.0797455322578623;0.10221232100621182;2.0324461954111888;0.13494271095792088;9.366479902857731e-07;1.0065807382511982
249;42;3011.693456071928;20;0.056288231740906136;-0.06139644431756126;0.0862811626501234;0.10516133417781956;2.1522762139069287;0.1297056769652063;9.385243141535033e-07;1.0065820374571952
250;42;3013.1524841723112;50;0.06673943674000091;-0.0831573254115538;0.1137959855922118;0.12332660255929132;2.5114093721448674;0.09781159456967917;1.990391434625772e-06;1.0070696805388748
251;42;3021.355137733031;100;0.08054436601638919;-0.08728825246403799;0.12107084034623175;0.1242582564157663;2.5851694999814496;0.09370535954529992;0.00014105821882183885;1.009811209135371
252;43;454918.9684710399;5;-0.34273198913713265;-0.15158281525987694;1.153834594061993;0.4236320055895119;6.5443753300882355;-0.08656990684970656;0.11395075470316693;157.24817437643992
253;43;467261.8434506269;10;-0.39218567067940363;-0.05431173591886801;1.027897420446941;0.12717665040764925;8.364987878244666;0.07009270265813305;0.07978998089277645;156.170402222803
254;43;467165.429250083;15;-0.39389365911245905;-0.07176823140641714;1.0482694816823939;0.14771401332434095;9.891161739975994;0.025402205185489787;0.05489533843721999;156.13817822529526
255;43;467397.4646836857;20;-0.3919713755653246;-0.09120036037163956;1.0818342156648575;0.166000307450777;8.099627306906232;0.05102541719078376;0.1377631213945337;156.21573017502868
256;43;467660.0509262879;50;-0.374204593609452;-0.09860058887602219;1.1370003648532507;0.20711304052098442;4.763804057709068;0.07698425468991608;0.4683058822458567;156.3034929566466
257;43;467742.36736998474;100;-0.39423984610596735;-0.026159483096465153;1.0902930307588705;0.1805719857978308;0.1917142129920295;0.21924591312519862;0.9818784130510763;156.33100513702675
258;44;1062979.1974293618;5;0.1688731925135024;-2.300757384032573;0.9361742175906795;0.4369597619613541;-4.190415678889981;0.1861178950975506;0.5078172769454264;367.4314543482059
259;44;1098458.8700070018;10;0.4194308809078955;-1.9248043179631265;1.036068237895768;0.6574992303864761;-4.437744078087327;-0.10782502379174819;0.5443093759207844;367.1319752697204
260;44;1098572.8967907089;15;0.4210911269627058;-1.9320957769847005;1.0118622703111866;0.6358659878915216;-1.8975801445520282;-0.15183233267002194;0.810146545170534;367.1700858257718
261;44;1098586.660724533;20;0.4209076588760081;-1.9314186876755075;1.0051551566358476;0.6317584434918394;-1.1921170820820521;-0.164534173322454;0.8866776089187371;367.17468607103336
262;44;1098529.6488075065;50;0.4021304029069299;-1.8744975118406146;0.9607748504331088;0.6052847256911065;-4.214316839502875;-0.058938578229963956;0.6754896293225365;367.1556312859314
263;44;1098556.3013605517;100;0.38083318728560867;-1.870810559576341;0.9510130047488405;0.6048656494874504;-4.14761854264803;-0.058113517103390855;0.7484783084439706;367.1645392247828
264;45;10699.698859137363;5;-0.09275447832367087;0.057542551872593994;0.10793007802595883;0.44314658585352357;35.57100940723713;0.20491530167909633;0.0;3.6984786930996885
265;45;15447.264678277226;10;-0.03357178832125138;0.03372550587865581;-0.35525855183359034;-0.20710569413286298;46.22168295188603;0.4942740845730953;0.0;5.1628558416702015
266;45;15360.062082998204;15;-0.04405106571362005;-0.03987051693436514;-0.22418496688499068;-0.07879323477886725;50.02802345415358;0.3408600287872666;0.0;5.133710589237372
267;45;15503.264758286034;20;-0.028305643185715296;-0.2373105106494766;-0.06312486622774469;-0.005784364267169894;52.72420645487125;0.2174058233130559;0.0;5.181572445951225
268;45;18633.219535692107;50;0.20346279240782641;-0.6866005878545496;0.556488989358951;0.40856172547142156;56.24977664882711;-0.3997047178928587;9.0214341044e-314;6.227680326100292
269;45;23051.140057924527;100;0.500868255132443;-0.7586416317394465;0.7039910053839211;0.4222059290523641;56.69959296844079;-0.4533903555790276;1.0480432567374161e-175;7.704258040750174
270;46;13590.016598964552;5;-0.1096912522980469;-0.0898702401087273;0.23508843607973817;0.43766488271590287;35.79021069361383;0.1865004152967342;0.0;4.697551537837728
271;46;18280.79862895918;10;-0.02992520881014237;-0.12445383500113924;-0.19912720275624068;-0.19651274090770876;46.291881027124774;0.459580056865027;0.0;6.109892589892765
272;46;18258.873005385663;15;-0.040445395054261375;-0.1976130470431096;-0.06741050308628757;-0.06764953252641745;49.99298172663744;0.3081772759064286;0.0;6.102564507147615
273;46;18394.29895883459;20;-0.024703998452966752;-0.39503003520692215;0.09352666245885974;0.005285549161374248;52.7009468848521;0.18451531362790252;0.0;6.147827192123875
274;46;21444.235384188265;50;0.20783125321183513;-0.847124042397649;0.7148169509619481;0.4205469934846422;56.413868172038576;-0.438206396745658;8.104868036421113e-282;7.167190970651166
275;46;25832.363468365955;100;0.5082808535519239;-0.923155458541532;0.8655985027093149;0.4355640276136047;57.08688341414321;-0.4991144825536389;5.328457967059602e-161;8.633811319641037
276;47;465119.8806295584;5;0.1556097001973597;0.3361716973620963;1.1511634132479536;3.403625202105129;38.577779068295726;-1.5381869451310808;5.677697299336383e-20;160.77424148964985
277;47;486826.1752933849;10;0.3709032238362478;0.37772865812216505;0.6879992663354189;2.505784419528604;45.954577152320965;-1.1054652554572801;7.800156085198345e-21;162.70928318629214
278;47;487803.283727614;15;0.36006878395275005;0.31368251057822993;0.8257012830650972;2.6392746970771115;47.89231646205516;-1.2206638477633893;1.610667942811287e-19;163.03585686083338
279;47;488014.7735640814;20;0.37506447150467875;0.12594815862114395;0.9799977978759087;2.7094176662950122;50.3219898240636;-1.3355890424953518;3.1003028575762824e-19;163.1065419666048
280;47;492093.51174826996;50;0.5813363222501202;-0.2512729825554145;1.537869552309046;3.0860112677824993;50.4401503073962;-1.8234633047252569;9.231371502666754e-14;164.4697566003576
281;47;495484.2363341849;100;0.8550694349501422;-0.32810823615060314;1.6793588478321073;3.1025606539650754;51.561652740755676;-1.8944729812641117;3.2575551958562687e-09;165.60302016516846
282;48;1114728.6624354513;5;0.48632274991643765;0.06469845760778185;-1.5842252747224177;-4.605601253586505;35.84170875760979;3.0664108738487785;3.450183990433617e-08;385.3192749517629
283;48;1156664.5297514442;10;0.8266367491778186;-0.13677544447685536;-2.5819137649406696;-5.410412006456816;48.51059655936835;3.2796465937812367;1.2211704736138344e-10;386.5857385532904
284;48;1157319.0313766892;15;0.8153624888966583;-0.20795708688529574;-2.439445017086652;-5.271814944076676;51.27925007437068;3.1434224770770505;2.8983411310124924e-10;386.80448909648527
285;48;1155973.3987189066;20;0.8328187383457237;-0.4320177558977168;-2.2762603437149473;-5.201239947388694;56.613917868132944;2.9615447481524337;4.9037020182024995e-11;386.3547455611318
286;48;1157901.1792346612;50;1.0987916750310494;-0.9735455097123284;-1.5725569241264212;-4.734710665886538;64.11785529354803;2.183103139320276;6.253859714813521e-10;386.9990572308363
287;48;1161994.9881444732;100;1.4922716299741243;-1.1502738349028905;-1.3331124630272342;-4.685795226160869;70.1839217566959;1.945065916528773;1.4138332205572436e-07;388.3673088718167
288;49;11419.36668508765;5;0.1286183960700296;-0.09510082585702664;-0.08713865886937555;-0.44551146795044155;-32.921170464487886;0.1488745301750285;0.0;3.9472404718588505
289;49;16122.804611532067;10;0.07235221349278384;-0.07513506264696419;0.3702209181835248;0.20082278898116257;-43.333218399214275;-0.1348209422264349;0.0;5.388637904923817
290;49;15942.366409404643;15;0.08213447254290035;-0.0052129798534559756;0.2480872180661719;0.081128964176082;-47.08893187538638;0.012791008247173961;0.0;5.328331019186047
291;49;15851.264506609597;20;0.06710103884577635;0.18413493209291643;0.09679714536440921;0.013098345445807302;-50.04260145336247;0.13794335157912377;0.0;5.2978825222625625
292;49;17912.42262698101;50;-0.1617210350216171;0.6411166268402898;-0.5111390801763316;-0.3913459404022862;-55.31074208800108;0.7835233242969324;3.327843534e-315;5.986772268375981
293;49;21750.222341566237;100;-0.4712489339057545;0.7416321745605577;-0.6785471230973934;-0.41522750771342054;-57.49500513567091;0.8917841752875414;3.0754281908721465e-189;7.269459338758765
294;50;14557.687688871187;5;0.02556536737231353;-0.2903273619382838;0.07068562027839986;-0.45388052298584763;-33.21854009052586;0.20129446999288897;0.0;5.032038606592186
295;50;19450.79766411706;10;-0.023748089323149955;-0.2730393985198121;0.4699111648905103;0.14121809329471322;-43.41682780099157;-0.056777259090894025;0.0;6.500935048167466
296;50;19274.66943803703;15;-0.013944930238206598;-0.2030268645522158;0.34750582530967533;0.02126448261980872;-47.17079002852728;0.09093761377025135;0.0;6.442068662445561
297;50;19271.61319890184;20;-0.028918499791862333;-0.014765604447591308;0.19582845300924076;-0.047162555136673556;-49.961712148783306;0.21269425090929206;0.0;6.441047192146328
298;50;21486.166150159508;50;-0.255527796637367;0.4351111790937122;-0.40699045577467674;-0.4486243987109645;-54.820747979847376;0.8447545162965974;1.2923564713883046e-268;7.181205264090747
299;50;25257.796488079453;100;-0.5622538437119694;0.5346324666415894;-0.5728372056960962;-0.4722577976354763;-56.9795680695509;0.9518622731002995;1.1651687764499593e-163;8.441776901096063
300;51;467861.6647817135;5;0.36584844447737386;-3.2940379310348007;3.4449246556311484;0.20054977375834382;-32.18853927413912;-0.4401295362274459;2.359625287527701e-14;161.7219719259289
301;51;491213.37081497477;10;0.3415390486272556;-3.180446934483926;3.512068021929899;0.6206496772400341;-42.878599594296205;-0.5285221871023305;3.168855619044159e-18;164.1755918499248
302;51;490976.86015078204;15;0.3511941982232791;-3.1107210793240596;3.391650604798489;0.5025601727025892;-46.70365650582562;-0.38026058980288635;1.5300450029514564e-18;164.09654416804182
303;51;490796.9641116051;20;0.33619532696752674;-2.921466386582647;3.2417261968269653;0.43537222393313435;-49.8058073034246;-0.2524163877723218;8.79309871742392e-19;164.03641848649886
304;51;491085.8800384321;50;0.08902918964262829;-2.3995379732618765;2.593081716355914;0.008294008840277867;-59.27179135667622;0.5216252360367399;2.1402575242467104e-18;164.13298129626727
305;51;495645.5114240333;100;-0.23712120734879874;-2.301453148854343;2.420942525914205;-0.013902290684213225;-61.047281860522034;0.6196407913790711;2.6064989689772597e-12;165.65692226739097
306;52;1100017.8328951872;5;-0.20457501783897175;-3.03334539203124;4.410219927735232;2.7446184028736518;-31.041060811363682;-1.1962755155364935;1.4879412532186057e-06;380.23430103532206
307;52;1129777.7457362572;10;-0.2735539559702169;-2.9031420672046764;4.109825800903252;3.1197595774548743;-46.276872293549545;-1.1159903239239317;5.152291023938223e-10;377.5995139492846
308;52;1128953.3444592766;15;-0.2633395762022821;-2.823369338576275;3.983524309548045;2.9952438666750956;-51.319997169925216;-0.9374835058246419;1.6880387266969573e-10;377.3239787631275
309;52;1130224.3585570706;20;-0.2784636642346803;-2.637754078140994;3.8168190228308543;2.917024649576948;-52.0790613378372;-0.8540316413097068;9.433001728719038e-10;377.74878294019817
310;52;1138474.2550065094;50;-0.4389971321591395;-2.430242972256624;3.3582430728144654;2.594177477502241;-40.69372643578839;-0.7075224959593087;7.322306657941895e-05;380.5061012722298
311;52;1140872.9106830806;100;-0.6494275956192279;-2.3863342235989466;3.2577206198724014;2.5872014263507843;-40.537295032494185;-0.6840279722736028;0.0021205580843088466;381.3077910037033
312;53;18.27098669614025;5;0.005144735842800336;-0.003804033034280927;-0.0034855463547750903;-0.017820458718017722;-1.3168468185795175;0.2250509812070018;0.0;0.006315584754974155
313;53;25.796487378451303;10;0.002894088539710957;-0.003005402505878503;0.014808836727340947;0.008032911559246517;-1.7333287359685694;0.2137031623109426;0.0;0.0086218206478781
314;53;25.50778625504742;15;0.003285378901716293;-0.00020851919413823056;0.009923488722646909;0.0032451585670433096;-1.883557275015453;0.219607640329887;0.0;0.008525329630697675
315;53;25.36202321057536;20;0.0026840415538313175;0.007365397283716685;0.003871885814576353;0.0005239338178323547;-2.0017040581344956;0.22461373406316443;0.0;0.008476612035620104
316;53;28.659876203169613;50;-0.006468841400865183;0.025644665073611475;-0.020445563207053357;-0.0156538376160915;-2.212429683520044;0.250436932971877;3.327843534e-315;0.009578835629401612
317;53;34.80035574650598;100;-0.018849957356230095;0.029665286982422205;-0.027141884923895652;-0.016609100308536892;-2.2998002054268394;0.2547673670115015;3.0754281908698715e-189;0.011631134942014032
318;54;2925.535068086958;5;-0.010693006131495555;-0.03612124019696005;0.06268040567366935;0.1025543915078293;-1.436581802475167;0.14777368138912464;1.5547653793853042e-05;1.0112461348382173
319;54;3026.6987365168484;10;-0.018837163063115787;-0.015384480684546918;0.09347855551242588;0.1282609147292314;-1.9168579730371271;0.13578611264138174;6.391999950325797e-07;1.011597171295738
320;54;3029.7318321280295;15;-0.018372315660205217;-0.012996590004028455;0.08750516481279506;0.12250878694100217;-1.9402902232732433;0.13943104935794876;3.026100909049351e-06;1.0126109064599031
321;54;3029.8008006876635;20;-0.018986469377288734;-0.0052817356306792875;0.08126363219117586;0.11968846900059231;-2.0516569793303248;0.14436541257165805;3.1352162830502824e-06;1.0126339574490855
322;54;3035.8214712299587;50;-0.027627348648458602;0.010895961152297354;0.05800049172360044;0.10404256640611892;-2.1066984952678633;0.16582053850101244;7.0208417833061e-05;1.0146462136463754
323;54;3040.11590745054;100;-0.04067642661062401;0.016912192513240703;0.049975219374017436;0.10236148166055922;-2.3183078701545994;0.1740332902884293;0.0006648754403481818;1.016081519869831
324;55;469935.6772289115;5;0.9191217566644737;1.5812281130499648;-1.110111566893991;-0.23269453338070978;-3.6522443158813687;0.14095971980278987;0.3853616444491993;162.43887909744555
325;55;484321.8185462294;10;1.0458752001390785;1.1010442546317545;-0.368191302791941;-0.05718883455707957;-6.421984853711267;-0.07916530621387863;0.18642711669641462;161.8722655568949
326;55;484410.463256781;15;1.047602767078475;1.105308535756099;-0.39122768282773834;-0.07888348137269818;-5.744451301950664;-0.0822370168758465;0.2734720799558603;161.90189279972645
327;55;484550.22664649645;20;1.0472414733226685;1.104162559544832;-0.41181236510639146;-0.0919458901106679;-3.2299024353329964;-0.12884436750695272;0.5609931214585377;161.94860516259914
328;55;484602.77225333673;50;1.0525681148967094;1.0642384646273242;-0.40596524570305403;-0.09265728982871091;0.7982016894400505;-0.2232201087096679;0.9049745938396552;161.96616719697084
329;55;484594.7622399471;100;1.0701486081401648;1.0400122408054848;-0.386382748385067;-0.08428120360452429;2.166583073755224;-0.2673538661884183;0.8008949323453747;161.9634900534582
330;56;1034807.070854611;5;0.044591513418769435;2.776334162134862;-3.558363252291348;-3.5872734899271292;0.4688860779008839;1.684239552075447;0.9401303561240402;357.6934223486386
331;56;1069754.3134559132;10;-0.03406849624898112;2.229588814030121;-3.11652983904475;-3.409741934361059;-2.6150062690325298;1.7049054068365834;0.7173180014515435;357.5382063689554
332;56;1069779.0151335467;15;-0.0324010143900782;2.210166002990803;-3.1430374571420616;-3.432302339989552;1.9430205102558888;1.6170916840225709;0.8031455648236425;357.54646227725414
333;56;1069778.3890110764;20;-0.033907239702637426;2.2373629702746993;-3.13372110604734;-3.422616983472266;-2.086473153522552;1.7012760731172252;0.8004546247119562;357.5462530117229
334;56;1069683.8825650075;50;-0.05899819479119167;2.310134729279425;-3.193956509254509;-3.4591294022865453;-5.6862981790658305;1.8334669873036977;0.5670497328809939;357.5146666326893
335;56;1069769.0259062834;100;-0.07040537466614577;2.2850130025335393;-3.184443515850216;-3.44908185334891;-3.8297356403609797;1.7783250374777442;0.7641551145236176;357.54312363178
336;57;18.27098669614025;5;-0.005144735842802056;0.003804033034281191;0.003485546354774782;0.017820458718017615;1.3168468185795166;0.231399018793;0.0;0.006315584754974159
337;57;25.79648737845131;10;-0.002894088539711816;0.0030054025058785516;-0.014808836727341021;-0.008032911559246491;1.7333287359685696;0.2427468376890577;0.0;0.008621820647878102
338;57;25.50778625504742;15;-0.0032853789017158195;0.00020851919413826872;-0.009923488722646834;-0.003245158567043157;1.8835572750154534;0.2368423596701133;0.0;0.008525329630697675
339;57;25.36202321057536;20;-0.002684041553830031;-0.007365397283716633;-0.003871885814576365;-0.0005239338178322679;2.001704058134505;0.2318362659368346;0.0;0.008476612035620107
340;57;28.659876203169603;50;0.006468841400864485;-0.02564466507361161;0.020445563207053246;0.015653837616091418;2.2124296835200425;0.2060130670281226;3.327843534e-315;0.009578835629401612
341;57;34.80035574650598;100;0.01884995735623044;-0.02966528698242238;0.027141884923895673;0.016609100308536857;2.2998002054268314;0.20168263298849826;3.075428190877047e-189;0.011631134942014025
342;58;3016.2347045826996;5;-0.014610023099500973;-0.08241911332455246;0.03740399403266344;0.00880537318481004;0.9676062923568051;0.31895538578922006;0.004120877074575465;1.0425975473842732
343;58;3121.737555217551;10;-0.002528416297100624;-0.08611485368409495;0.022605272399091006;-0.017958261447896126;1.3177192658496453;0.3215312790612116;0.0007407860821467713;1.0433614823588064
344;58;3122.317781281115;15;-0.0028360010341770513;-0.08801907549849415;0.026498962775375525;-0.014174452772905837;1.3869913414706658;0.31795091257103775;0.000999135332843593;1.043555408182188
345;58;3119.686189678788;20;-0.002313097762312217;-0.09491493803043417;0.03083939679279009;-0.01242970238897146;1.6303547530581382;0.3108992185125434;0.0002589045213020009;1.0426758655343558
346;58;3122.083645464845;50;0.005067712187563252;-0.10954725657400234;0.05047939564946345;0.0006532402145801143;1.785888688582088;0.29036803517048093;0.000885413063307135;1.043477154232902
347;58;3124.8133120402895;100;0.01652998783834056;-0.11534260814452696;0.057806620712254675;0.002323505448971255;2.0060845841840007;0.2821063422273563;0.003662613926169098;1.0443894759492949
348;59;444059.00201227877;5;-0.804464954579324;2.033769437857147;-2.7405790408439996;-1.8400072522776316;-2.4602149664189827;1.9455157457328471;0.547469380258909;153.49429727351523
349;59;461337.13063490007;10;-1.049918271803217;1.9715931669782714;-2.482140484562671;-1.4561852425981323;-3.028349288542457;1.863723545894437;0.5231881585134528;154.19021745818847
350;59;461371.0049905946;15;-1.0489939817807719;1.971197578746412;-2.4949514124423633;-1.467976680541708;-2.2218412859161734;1.8524301888907497;0.6642539127981931;154.20153910113464
351;59;461296.35306757025;20;-1.0507692996051254;1.9976813344169788;-2.5005491094310277;-1.4677387627679992;-4.442178416141012;1.9031234045458123;0.41252779722160215;154.17658859210238
352;59;461285.0883668923;50;-1.022599095284827;1.8707667748134793;-2.4457422443584917;-1.4423783152806102;5.6286817205511435;1.632212995360718;0.38825197333543116;154.17282365203624
353;59;461110.24920288724;100;-0.9358764124789066;1.764625738046733;-2.356414627028891;-1.406126258744108;11.48070171463727;1.4419205223548088;0.17076586714692965;154.11438810256976
354;60;1095368.379506355;5;-0.02210330814396;-2.4638140318225856;-0.1464053532040378;-1.8796752137734365;5.5206889988684935;1.5734806592131856;0.3900899876740699;378.6271619448161
355;60;1128888.3195262183;10;0.04588379620876215;-2.5487241084611174;0.7476342148724822;-1.207148930324412;3.146878957022084;1.141250851562187;0.6714807866485084;377.3022458309544
356;60;1128955.8094667697;15;0.044470855348814786;-2.538381750693997;0.7689854309113774;-1.1884533366428238;0.2989400205491348;1.1936154091646687;0.9702188820171131;377.3248026292674
357;60;1128954.6143318191;20;0.044696706712774814;-2.5417308372430307;0.7697573846380081;-1.1884432650664392;0.5722786702882634;1.1873414898867267;0.9461950367979388;377.32440318576937
358;60;1128933.7679350139;50;0.05587330127897011;-2.5765263422930467;0.7959139837422923;-1.1730019259325732;2.493157634265481;1.122010103312382;0.8069980725940578;377.31743580715704
359;60;1128932.802562525;100;0.07649213716679393;-2.5926358446788296;0.8121871527579944;-1.167842417352561;3.271248633933915;1.0954876868198447;0.8029965826119299;377.31711315592366
360;61;11419.366685087654;5;-0.12861839607003175;0.09510082585702723;0.08713865886937439;0.4455114679504413;32.921170464487915;0.30757546982497236;0.0;3.947240471858848
361;61;16122.804611532069;10;-0.07235221349278578;0.07513506264696417;-0.37022091818352476;-0.20082278898116257;43.333218399214246;0.591270942226434;0.0;5.388637904923817
362;61;15942.366409404647;15;-0.08213447254289852;0.005212979853456368;-0.24808721806617245;-0.0811289641760818;47.08893187538637;0.4436589917528254;0.0;5.328331019186047
363;61;15851.264506609601;20;-0.06710103884577451;-0.18413493209291665;-0.09679714536440945;-0.01309834544580751;50.04260145336251;0.3185066484208765;0.0;5.2978825222625625
364;61;17912.42262698101;50;0.16172103502161705;-0.6411166268402889;0.5111390801763318;0.3913459404022866;55.31074208800105;-0.3270733242969333;3.327843534e-315;5.986772268375983
365;61;21750.22234156624;100;0.47124893390575584;-0.741632174560557;0.6785471230973906;0.41522750771342054;57.495005135670965;-0.43533417528754037;3.0754281908707467e-189;7.269459338758765
366;62;14190.836716590144;5;-0.14621493159327867;0.029278116767121942;0.10908068179428959;0.2546841144676328;32.78791015169746;0.42405843519419356;0.0;4.905232186861445
367;62;19251.316799984124;10;-0.07269288588696782;0.04481560021330576;-0.3634716259507763;-0.4149136421534432;43.217626997431125;0.7043731732966092;0.0;6.434263636358333
368;62;19166.64714807085;15;-0.08248764988317674;-0.024072758809130554;-0.2409779472369322;-0.29498949966644444;46.7918669606527;0.5606209242680169;0.0;6.405964955906035
369;62;19201.294377739676;20;-0.06767139572860728;-0.21021203541294095;-0.09046547275445996;-0.22699235585835004;49.4880756905985;0.44139831550871067;0.0;6.41754491234613
370;62;21104.309653984437;50;0.1599172400170959;-0.6666281240569207;0.5136556114829012;0.1746156558872369;54.98088698520362;-0.20584332730485166;7.531723778071482e-274;7.053579429807618
371;62;24956.181910469197;100;0.46526433506493436;-0.7624890238462902;0.6770087759112712;0.19692480252604402;56.914095937088575;-0.3058787052210209;4.692080218135305e-165;8.340969889862683
372;63;475675.9337089442;5;0.41585466761435064;-4.13973845020543;-0.551793574846126;-1.2403265765193914;33.09325440561466;1.6688692119502808;7.395081400565387e-15;164.4230673034718
373;63;496432.2486846206;10;0.3763134304482646;-4.400250053487316;-1.1391881065074325;-1.8800681862260447;47.83464538563844;1.9624554034172874;5.100073368380244e-22;165.9198692127742
374;63;496939.4234688212;15;0.36524493399090235;-4.471508033992941;-0.9995691764097352;-1.7440953058438569;50.78089728924972;1.8237594512267368;2.380367963352817e-21;166.08937950161138
375;63;497508.371822122;20;0.38084107113458365;-4.665560540902374;-0.8355270074744813;-1.6687384486235217;52.763653117193;1.7146755085405136;1.338678744263883e-20;166.27953603680587
376;63;501202.2689151723;50;0.6064103862387044;-5.093173161459324;-0.2297466115518123;-1.2621346691830693;54.90667740273742;1.1402442248323799;9.653178501587335e-16;167.51412731122105
377;63;504606.6611824471;100;0.9282398235968319;-5.218246896433624;-0.044497952706467725;-1.2295086031762514;58.55957330642609;0.9854984761441319;2.832027699824765e-11;168.6519589513526
378;64;1074436.3473581076;5;-2.818198967403524;0.1849452924384829;-1.2508418860562265;-2.46434606890152;32.578970209438694;3.283410249205878;3.225477517968411e-07;371.3917550494668
379;64;1110075.7578821604;10;-2.6313242246950157;-0.04322877045141249;-0.8248755975516678;-2.661139239438878;42.85412514001613;3.176041328571073;6.322809650578142e-09;371.0146249606149
380;64;1108967.481200582;15;-2.6406231553251054;-0.12061246340355503;-0.7107577556059432;-2.5481107604832465;48.234823517883214;2.9963731047955453;1.3673217250752554e-09;370.64421163121125
381;64;1108903.301169747;20;-2.6252537502741973;-0.31407646463893;-0.5557429333396342;-2.4783280556845946;51.20207464743744;2.8694298869165715;1.251353642393545e-09;370.6227610861457
382;64;1114084.3876849473;50;-2.4275177721337333;-0.6559460910410625;-0.015358719959382094;-2.110492536134913;48.68271824140519;2.455231871088739;1.6445471693933255e-06;372.3544076487122
383;64;1120128.36287625;100;-2.3167354372381284;-0.463656886209592;-0.07962733313978998;-2.1884778529197177;34.125521588877056;2.8847298414208744;0.00902253785855084;374.3744528329721
384;65;13229.014960134024;5;0.46943300086958817;-0.3372542999541499;0.11562215597016332;-0.35419608670071634;-23.15984658807752;-0.4966360672354423;5.6380462381893996e-201;4.57276701007052
385;65;14989.98091968865;10;0.4262233345668562;-0.32542995236821265;0.42555735359303226;0.09685273586238777;-31.44149968157735;-0.658472950094698;1.4826071180433356e-244;5.0100203608585
386;65;14717.78743596247;15;0.43322274206526823;-0.27253745724589695;0.33868761708587414;0.011406336777468884;-34.60343901012881;-0.542537777466107;1.907164524646963e-256;4.919046602928625
387;65;14073.730488584068;20;0.4214033202452011;-0.12068394438818704;0.22862759662052315;-0.036088969696289;-38.28113877556197;-0.4181305410848878;1.7683257008163477e-285;4.703786928002689
388;65;12675.22475121415;50;0.2106388890259432;0.35229451719047145;-0.3165702757274142;-0.3906156213999814;-50.07597895542582;0.31755287762095763;0.0;4.2363719088282625
389;65;13794.15704021622;100;-0.15008621771108008;0.5830946121821401;-0.5735033696187537;-0.46153420081056834;-60.259198441066836;0.6768721399071596;1.697229102231625e-298;4.610346604350337
390;66;16497.967487434264;5;0.5789484530803869;-0.23249891139294782;0.2600790123420827;-0.3919075614212698;-22.809797331230445;-0.5689352539634531;6.619581449620768e-162;5.702719490990068
391;66;18345.58465683563;10;0.5334905898867492;-0.22684999961946672;0.5512316907870172;0.040899246995026284;-31.005896082132633;-0.7155507084449051;1.2996131630855915e-201;6.13154567407608
392;66;18044.40206579285;15;0.5403726491558324;-0.17424307965164468;0.46592748496502;-0.043073221320530264;-34.21453553248016;-0.5993921622035168;2.3490048986975635e-212;6.0308830433799665
393;66;17319.620779014716;20;0.5285640484477508;-0.022087444711730117;0.3572807756370314;-0.0896400794435814;-38.08909712422306;-0.47125653260241196;5.85748017763314e-239;5.7886433084942475
394;66;15744.227937439891;50;0.31644253270905687;0.4568587345639302;-0.19059888123428548;-0.44543905118051597;-50.34958263860818;0.2770814044036568;7.788113749708589e-301;5.262108267860925
395;66;16928.90448553758;100;-0.04428156360603833;0.6854950336271697;-0.4463544137619905;-0.5155374042787697;-60.387413857583596;0.6319623307949969;9.16154791806785e-254;5.658056312011216
396;67;475657.32758661045;5;0.20697321397666796;0.15070265953236528;-0.7524793278153851;-1.705092585127097;-25.231293720821604;0.6957147238198608;2.7998719324238694e-09;164.41663587508182
397;67;492179.7816256798;10;0.1832713844017435;0.10185567772500564;-0.5384520315483485;-1.3062297610730091;-34.997328370374206;0.5904590201628476;1.1334791543941141e-12;164.49859011553477
398;67;490702.54446183477;15;0.19051479244645897;0.1727488703259522;-0.6254174835579726;-1.3935426718824115;-40.94921190114849;0.7686753759277576;1.1787498486401712e-14;164.00486111692356
399;67;492037.6372907701;20;0.17907255368421976;0.3105560393468238;-0.7593390193601808;-1.4579786406559507;-40.333684032270774;0.8089797574836373;7.304953032611496e-13;164.45108198220933
400;67;492058.3173200793;50;-0.023303986187636294;0.7408811319574422;-1.2895969115671415;-1.806635708658824;-48.48126352435591;1.4508202058683928;7.787094858448204e-13;164.4579937567113
401;67;493602.6833145636;100;-0.35327305892034566;0.9308659336598166;-1.5131241248335092;-1.8634948740925599;-56.37588382204319;1.7361446088245827;9.223411918386794e-11;164.9741588618193
402;68;1128671.900178559;5;0.8156920657850657;4.867465526661507;-3.988365447263763;-4.082909732306364;-13.7042077727422;0.9795915514334733;0.03563447283099332;390.1389215964607
403;68;1173637.2924122375;10;0.7392600633196078;4.5637871221971515;-4.133737240906806;-4.124430447426276;-21.562366342903033;1.3147606173607918;0.004396622935750321;392.25845334633544
404;68;1173614.5966136833;15;0.7441455949966495;4.5981863175136795;-4.194828916883019;-4.184244786289898;-23.351524447911615;1.3866010999759648;0.004258841615039422;392.25086785216615
405;68;1173724.4239301616;20;0.7369527074867135;4.687767243436212;-4.270233087900624;-4.218829524737813;-24.30433758071456;1.4376466095016922;0.004969101209189527;392.28757484296864
406;68;1168518.8356587663;50;0.5292874935608076;5.243178287097652;-4.7820662456439615;-4.537235546503734;-47.846029677769025;2.404697109846192;4.222484565290826e-06;390.54773919076337
407;68;1170023.6979936697;100;0.20367002872441187;5.430624919929603;-5.002627828291455;-4.593332475134819;-55.63434139066554;2.6861916724679467;3.160555167429697e-05;391.05070120109286
408;69;21.166423936214432;5;0.018777320034782587;-0.013490171998165872;0.0046248862388063635;-0.014167843468028667;-0.9263938635231006;0.1992305573105828;5.6380462381893996e-201;0.0073164272161128545
409;69;23.983969471501844;10;0.017048933382673846;-0.013017198094728469;0.017022294143721264;0.0038741094344954784;-1.2576599872630914;0.19275708199621222;1.4826071180463717e-244;0.008016032577373612
410;69;23.548459897539935;15;0.017328909682611086;-0.010901498289835911;0.013547504683435001;0.00045625347109881295;-1.384137560405152;0.19739448890135558;1.907164524646963e-256;0.007870474564685816
411;69;22.517968781734513;20;0.016856132809808508;-0.0048273577755274764;0.0091451038648209;-0.0014435587878514448;-1.531245551022476;0.20237077835660408;1.7683257008199688e-285;0.007526059084804324
412;69;20.280359601942628;50;0.008425555561037723;0.014091780687618839;-0.012662811029096619;-0.01562462485599934;-2.0030391582170344;0.23179811510483833;0.0;0.0067781950541252215
413;69;22.070651264345933;100;-0.006003448708442876;0.02332378448728558;-0.022940134784750106;-0.018461368032422768;-2.4103679376426763;0.24617088559628597;1.697229102229308e-298;0.007376554566960534
